{
	"items" : [
		{
			"img": "/api/jq/5733e359e0d42/img/owl1.jpg",
			"alt" : "Owl Image 1",
			"link" : "#"
		},
		{
			"img": "/api/jq/5733e359e0d42/img/owl2.jpg",
			"alt" : "Owl Image 2",
			"link" : "#"
		},
		{
			"img": "/api/jq/5733e359e0d42/img/owl3.jpg",
			"alt" : "Owl Image 3",
			"link" : "#"
		},
		{
			"img": "/api/jq/5733e359e0d42/img/owl4.jpg",
			"alt" : "Owl Image 4",
			"link" : "#"
		},
		{
			"img": "/api/jq/5733e359e0d42/img/owl5.jpg",
			"alt" : "Owl Image 5",
			"link" : "#"
		},
		{
			"img": "/api/jq/5733e359e0d42/img/owl6.jpg",
			"alt" : "Owl Image 6",
			"link" : "#"
		},
		{
			"img": "/api/jq/5733e359e0d42/img/owl7.jpg",
			"alt" : "Owl Image 7",
			"link" : "#"
		},
		{
			"img": "/api/jq/5733e359e0d42/img/owl8.jpg",
			"alt" : "Owl Image 8",
			"link" : "#"
		}
	]
}