{
	"owl" : [
		{"item" : "<a class='item'><img src='/api/jq/5733e359e0d42/img/owl1.jpg' alt=''></a>"},
		{"item" : "<a class='item'><img src='/api/jq/5733e359e0d42/img/owl2.jpg' alt=''></a>"},
		{"item" : "<a class='item'><img src='/api/jq/5733e359e0d42/img/owl3.jpg' alt=''></a>"},
		{"item" : "<a class='item'><img src='/api/jq/5733e359e0d42/img/owl4.jpg' alt=''></a>"},
		{"item" : "<a class='item'><img src='/api/jq/5733e359e0d42/img/owl5.jpg' alt=''></a>"},
		{"item" : "<a class='item'><img src='/api/jq/5733e359e0d42/img/owl6.jpg' alt=''></a>"},
		{"item" : "<a class='item'><img src='/api/jq/5733e359e0d42/img/owl7.jpg' alt=''></a>"},
		{"item" : "<a class='item'><img src='/api/jq/5733e359e0d42/img/owl8.jpg' alt=''></a>"},
		{"item" : "<a class='item'><img src='/api/jq/5733e359e0d42/img/owl1.jpg' alt=''></a>"},
		{"item" : "<a class='item'><img src='/api/jq/5733e359e0d42/img/owl2.jpg' alt=''></a>"},
		{"item" : "<a class='item'><img src='/api/jq/5733e359e0d42/img/owl3.jpg' alt=''></a>"},
		{"item" : "<a class='item'><img src='/api/jq/5733e359e0d42/img/owl4.jpg' alt=''></a>"},
		{"item" : "<a class='item'><img src='/api/jq/5733e359e0d42/img/owl5.jpg' alt=''></a>"},
		{"item" : "<a class='item'><img src='/api/jq/5733e359e0d42/img/owl6.jpg' alt=''></a>"},
		{"item" : "<a class='item'><img src='/api/jq/5733e359e0d42/img/owl7.jpg' alt=''></a>"},
		{"item" : "<a class='item'><img src='/api/jq/5733e359e0d42/img/owl8.jpg' alt=''></a>"}
	]
}